{
  "algorithm": "XGBoost",
  "n_features": 74,
  "cv_auc_mean": 0.8459301304329901,
  "cv_auc_std": 0.0620579962786761,
  "test_auc": 0.9911791486455725,
  "n_positives": 460,
  "n_negatives": 3817,
  "hyperparameters": {
    "max_depth": 5,
    "learning_rate": 0.1,
    "n_estimators": 100,
    "subsample": 0.8,
    "colsample_bytree": 0.8,
    "scale_pos_weight": 8.297826086956523
  },
  "feature_importance": {
    "f00_has_junun": 0.0033059034030884504,
    "f01_junun_density": 0.03530110791325569,
    "f02_famous_fool": 0.0651175007224083,
    "f03_junun_count": 0.0074281757697463036,
    "f04_junun_specialized": 0.22242075204849243,
    "f05_junun_position": 0.014064846560359001,
    "f06_junun_in_title": 0.011280708014965057,
    "f07_junun_plural": 0.0,
    "f08_junun_in_final_third": 0.007006141822785139,
    "f09_jinn_root": 0.01410332228988409,
    "f10_junun_repetition": 0.013230555690824986,
    "f11_junun_morpho": 0.010769505053758621,
    "f12_junun_positive": 0.0,
    "f13_junun_good_context": 0.003588535590097308,
    "f14_junun_validation_prox": 0.0,
    "f15_has_aql": 0.006449728272855282,
    "f16_aql_density": 0.006985012907534838,
    "f17_aql_count": 0.018038082867860794,
    "f18_paradox_junun_aql": 0.004723700694739819,
    "f19_junun_aql_proximity": 0.013024114072322845,
    "f20_junun_aql_ratio": 0.15103940665721893,
    "f21_superlatives": 0.0072466605342924595,
    "f22_aql_positive": 0.0,
    "f23_has_hikma": 0.0,
    "f24_hikma_density": 0.01586027815937996,
    "f25_hikma_junun_prox": 0.0,
    "f26_hikma_qala_prox": 0.0,
    "f27_hikma_in_title": 0.0,
    "f28_has_qala": 0.011443745344877243,
    "f29_qala_density": 0.011795241385698318,
    "f30_has_first_person": 0.006178681738674641,
    "f31_first_person_density": 0.012295386753976345,
    "f32_junun_near_qala": 0.0013620794052258134,
    "f33_has_questions": 0.009005521424114704,
    "f34_question_density": 0.013750679790973663,
    "f35_question_answer": 0.006965271197259426,
    "f36_dialogue_structure": 0.005004324018955231,
    "f37_qala_position": 0.013555043376982212,
    "f38_qala_in_final": 0.00965524185448885,
    "f39_has_validation": 0.0037048617377877235,
    "f40_validation_density": 0.008335752412676811,
    "f41_validation_laugh": 0.0,
    "f42_validation_gift": 0.007639939431101084,
    "f43_validation_cry": 0.010562129318714142,
    "f44_validation_in_final": 0.004794389475136995,
    "f45_validation_multiple": 0.004453667905181646,
    "f46_validation_junun_prox": 0.0,
    "f47_has_contrast": 0.0064827087335288525,
    "f48_contrast_density": 0.009623735211789608,
    "f49_contrast_opposition": 0.009211099706590176,
    "f50_contrast_correction": 0.005110930185765028,
    "f51_contrast_revelation": 0.023328479379415512,
    "f52_has_authority": 0.02519017457962036,
    "f53_authority_count": 0.025894444435834885,
    "f54_authority_junun_prox": 0.0,
    "f55_authority_in_title": 0.006073992699384689,
    "f56_has_shir": 0.006556183565407991,
    "f57_shir_density": 0.015262887813150883,
    "f58_shir_alone": 0.002599148778244853,
    "f59_has_spatial": 0.004892474971711636,
    "f60_spatial_density": 0.01056433841586113,
    "f61_spatial_variety": 0.010612939484417439,
    "f62_has_wasf": 0.010349906049668789,
    "f63_wasf_density": 0.008242063224315643,
    "f64_wasf_in_title": 0.0,
    "f65_root_jnn_density": 0.0058287521824240685,
    "f66_root_aql_density": 0.006392804440110922,
    "f67_root_hikma_density": 0.004504827782511711,
    "f68_verb_density": 0.013221248053014278,
    "f69_noun_density": 0.01039588637650013,
    "f70_adj_density": 0.008175001479685307,
    "f71_perf_density": 0.0,
    "f72_imperf_density": 0.0,
    "f73_passive_voice_ratio": 0.0
  },
  "classification_report": {
    "0": {
      "precision": 0.9959016393442623,
      "recall": 0.9541884816753927,
      "f1-score": 0.9745989304812834,
      "support": 764.0
    },
    "1": {
      "precision": 0.717741935483871,
      "recall": 0.967391304347826,
      "f1-score": 0.8240740740740741,
      "support": 92.0
    },
    "accuracy": 0.955607476635514,
    "macro avg": {
      "precision": 0.8568217874140667,
      "recall": 0.9607898930116094,
      "f1-score": 0.8993365022776787,
      "support": 856.0
    },
    "weighted avg": {
      "precision": 0.9660059702377717,
      "recall": 0.955607476635514,
      "f1-score": 0.9584210253534058,
      "support": 856.0
    }
  }
}