{
  "corpus": "data",
  "total_akhbars": 36,
  "results": {
    "lr": {
      "positives": 5,
      "rate": 0.1388888888888889
    },
    "xgboost": {
      "positives": 1,
      "rate": 0.027777777777777776
    },
    "ensemble": {
      "positives": 2,
      "rate": 0.05555555555555555
    }
  }
}