{
  "corpus": "data",
  "total_akhbars": 198,
  "results": {
    "lr": {
      "positives": 143,
      "rate": 0.7222222222222222
    },
    "xgboost": {
      "positives": 98,
      "rate": 0.494949494949495
    },
    "ensemble": {
      "positives": 120,
      "rate": 0.6060606060606061
    }
  }
}