{
  "n_features": 74,
  "cv_auc_mean": 0.8378848059995232,
  "cv_auc_std": 0.07347305284527732,
  "test_auc": 0.837013430457546,
  "n_positives": 460,
  "n_negatives": 3817,
  "best_c": 0.01,
  "coefficients": {
    "f00_has_junun": -0.04678289119999126,
    "f01_junun_density": 0.03365765757691659,
    "f02_famous_fool": 0.6632647585530637,
    "f03_junun_count": -0.034282297582702924,
    "f04_junun_specialized": 0.2583647804266428,
    "f05_junun_position": -0.08284854514381998,
    "f06_junun_in_title": 0.2023198313722986,
    "f07_junun_plural": 0.0643459384462036,
    "f08_junun_in_final_third": -0.03533525976434386,
    "f09_jinn_root": 0.10457457645269508,
    "f10_junun_repetition": -0.17489589955699358,
    "f11_junun_morpho": 0.16858911354756395,
    "f12_junun_positive": 0.016461277761252315,
    "f13_junun_good_context": 0.002072723917964438,
    "f14_junun_validation_prox": -0.02936083202107646,
    "f15_has_aql": 0.11972774933543386,
    "f16_aql_density": 0.02583802888709639,
    "f17_aql_count": 0.15564586849934722,
    "f18_paradox_junun_aql": -0.005919007244338675,
    "f19_junun_aql_proximity": 0.09852863932814711,
    "f20_junun_aql_ratio": 0.21149702289625844,
    "f21_superlatives": 0.021022571086398836,
    "f22_aql_positive": 0.04829040420838948,
    "f23_has_hikma": -0.12960979815843118,
    "f24_hikma_density": 0.02532350298451996,
    "f25_hikma_junun_prox": 0.021165414965280786,
    "f26_hikma_qala_prox": 0.07721732000488396,
    "f27_hikma_in_title": -0.08859277679711926,
    "f28_has_qala": -0.16073271610647843,
    "f29_qala_density": 0.3307786606233924,
    "f30_has_first_person": 0.005180145028641187,
    "f31_first_person_density": -0.1159544061472144,
    "f32_junun_near_qala": 0.08565206395744193,
    "f33_has_questions": -0.008054485578183203,
    "f34_question_density": 0.033133225282128906,
    "f35_question_answer": 0.01759820963490798,
    "f36_dialogue_structure": 0.06701133400887342,
    "f37_qala_position": 0.2725162501661288,
    "f38_qala_in_final": -0.06311366905394766,
    "f39_has_validation": 0.08282772871507826,
    "f40_validation_density": 0.013257977312601968,
    "f41_validation_laugh": -0.008615236525193692,
    "f42_validation_gift": -0.09102179407268239,
    "f43_validation_cry": 0.08329496779037822,
    "f44_validation_in_final": -0.013591714440799452,
    "f45_validation_multiple": -0.06115746932538244,
    "f46_validation_junun_prox": 0.13274745538217478,
    "f47_has_contrast": -0.12014848728854748,
    "f48_contrast_density": 0.016428746331438433,
    "f49_contrast_opposition": 0.05256374814511114,
    "f50_contrast_correction": -0.03637531072002879,
    "f51_contrast_revelation": 0.2789617523437033,
    "f52_has_authority": -0.26601046599806677,
    "f53_authority_count": -0.2420500904183836,
    "f54_authority_junun_prox": 0.05830012496442526,
    "f55_authority_in_title": 0.00956675245363047,
    "f56_has_shir": 0.21562204227333587,
    "f57_shir_density": -0.08786919888306698,
    "f58_shir_alone": -0.0005068058820469273,
    "f59_has_spatial": 0.12640568348449807,
    "f60_spatial_density": -0.11757002826508316,
    "f61_spatial_variety": -0.13914165891367025,
    "f62_has_wasf": -0.07593879239058642,
    "f63_wasf_density": -0.1683688288459071,
    "f64_wasf_in_title": 0.07545263998407449,
    "f65_root_jnn_density": -0.06659128401853513,
    "f66_root_aql_density": -0.15355559007734398,
    "f67_root_hikma_density": -0.028190141106127435,
    "f68_verb_density": 0.42050247015930514,
    "f69_noun_density": 0.18581658947817126,
    "f70_adj_density": -0.015345681706696005,
    "f71_perf_density": 0.0,
    "f72_imperf_density": 0.0,
    "f73_passive_voice_ratio": 0.0
  }
}