{
  "version": "v79",
  "n_features": 79,
  "changes_from_v74": {
    "removed": [
      "f28_has_qala",
      "f71_perf_density",
      "f72_imperf_density",
      "f73_passive_voice_ratio"
    ],
    "added": [
      "f74_question_mark_presence",
      "f75_question_mark_density",
      "f76_religious_intensity",
      "f77_first_person_scene",
      "f78_direct_address",
      "f79_physical_reaction",
      "f80_fool_location",
      "f81_mystical_verb",
      "f82_love_madness"
    ],
    "enriched_lexicons": [
      "FIRST_PERSON (+كنت)",
      "LOVE_MADNESS (1→18 termes)"
    ]
  },
  "logistic_regression": {
    "cv_auc": 0.8611231297318891,
    "cv_auc_std": 0.04411765833358307,
    "test_auc": 0.8902657637150011,
    "best_c": 0.01,
    "prev_cv_auc": 0.838,
    "prev_test_auc": 0.837,
    "delta_cv": 0.0231,
    "delta_test": 0.0533
  },
  "xgboost": {
    "cv_auc": 0.8715042663638297,
    "cv_auc_std": 0.044888896501351486,
    "test_auc": 0.9480423400865012,
    "overfit_gap": 0.0765,
    "prev_cv_auc": 0.846,
    "prev_test_auc": 0.991,
    "prev_overfit_gap": 0.145,
    "delta_cv": 0.0255
  },
  "top_new_features_lr": {
    "f70_adj_density": 0.17738773427651028,
    "f74_question_mark_presence": 0.2322147994498455,
    "f75_question_mark_density": -0.0865182024044384,
    "f76_religious_intensity": 0.26555087902892954,
    "f77_first_person_scene": 0.0,
    "f78_direct_address": 0.0,
    "f79_physical_reaction": 0.0
  },
  "top_new_features_xgb": {
    "f70_adj_density": 0.010918086394667625,
    "f74_question_mark_presence": 0.018271982669830322,
    "f75_question_mark_density": 0.0056445905938744545,
    "f76_religious_intensity": 0.021386466920375824,
    "f77_first_person_scene": 0.0,
    "f78_direct_address": 0.0,
    "f79_physical_reaction": 0.0
  }
}