{
  "n_features": 79,
  "cv_auc_mean": 0.8611231297318891,
  "cv_auc_std": 0.04411765833358307,
  "test_auc": 0.8902657637150011,
  "n_positives": 460,
  "n_negatives": 3817,
  "best_c": 0.01,
  "coefficients": {
    "f00_has_junun": -0.026320886909849774,
    "f01_junun_density": 0.020113281050043286,
    "f02_famous_fool": 0.6381899612434175,
    "f03_junun_count": -0.0034131689592298933,
    "f04_junun_specialized": 0.17636089662700863,
    "f05_junun_position": -0.1226924908113713,
    "f06_junun_in_title": 0.15199820022994173,
    "f07_junun_plural": 0.027286455567443215,
    "f08_junun_in_final_third": -0.04150205443661933,
    "f09_jinn_root": 0.09181946146219308,
    "f10_junun_repetition": -0.1362541315081216,
    "f11_junun_morpho": 0.1559834804977138,
    "f12_junun_positive": -0.00023443561925498048,
    "f13_junun_good_context": -0.045784634469792876,
    "f14_junun_validation_prox": 0.0026309410093585703,
    "f15_has_aql": 0.08451213191573918,
    "f16_aql_density": -0.08469750396241812,
    "f17_aql_count": 0.16026838328427734,
    "f18_paradox_junun_aql": -0.0024760849407121335,
    "f19_junun_aql_proximity": 0.1086223815654038,
    "f20_junun_aql_ratio": 0.19413112574141683,
    "f21_superlatives": -0.07968984552217288,
    "f22_aql_positive": 0.04961510627226336,
    "f23_has_hikma": -0.11636772093562742,
    "f24_hikma_density": -0.0007531218622108788,
    "f25_hikma_junun_prox": 0.019026460056950377,
    "f26_hikma_qala_prox": 0.07790195550242915,
    "f27_hikma_in_title": -0.09743459336821807,
    "f29_qala_density": 0.20794493965555935,
    "f30_has_first_person": -0.062047377135025485,
    "f31_first_person_density": -0.013164687025138108,
    "f32_junun_near_qala": 0.036400062143752014,
    "f33_has_questions": 0.050535947192248895,
    "f34_question_density": -0.09599349205590528,
    "f35_question_answer": -0.09388614654006293,
    "f36_dialogue_structure": -0.15025088141079906,
    "f37_qala_position": 0.2305871125242968,
    "f38_qala_in_final": -0.1359721017773459,
    "f39_has_validation": 0.05095090124302863,
    "f40_validation_density": 0.07594046492156208,
    "f41_validation_laugh": 0.011870207166166375,
    "f42_validation_gift": -0.0824525715540433,
    "f43_validation_cry": 0.021486094423467595,
    "f44_validation_in_final": 0.017863203520403728,
    "f45_validation_multiple": -0.10159826707997117,
    "f46_validation_junun_prox": 0.12815313457337865,
    "f47_has_contrast": -0.1522315545920168,
    "f48_contrast_density": 0.08249217329172127,
    "f49_contrast_opposition": 0.04163015262818519,
    "f50_contrast_correction": -0.03462492204821416,
    "f51_contrast_revelation": 0.2844450802057419,
    "f52_has_authority": -0.23145645404452708,
    "f53_authority_count": -0.24817428000350766,
    "f54_authority_junun_prox": 0.06582054562579093,
    "f55_authority_in_title": -0.028848351138610822,
    "f56_has_shir": 0.1686550067473907,
    "f57_shir_density": -0.07259996607209744,
    "f58_shir_alone": 0.02672072265416005,
    "f59_has_spatial": 0.08019840052270297,
    "f60_spatial_density": -0.05672898226658329,
    "f61_spatial_variety": -0.21017631372172443,
    "f62_has_wasf": -0.12362269629087648,
    "f63_wasf_density": -0.1397081293643708,
    "f64_wasf_in_title": 0.08401326899409133,
    "f65_root_jnn_density": 0.35323293882624013,
    "f66_root_aql_density": 0.20231601243879924,
    "f67_root_hikma_density": -0.14335825065110883,
    "f68_verb_density": 0.2270003827816408,
    "f69_noun_density": 0.26577555440286155,
    "f70_adj_density": 0.17738773427651028,
    "f74_question_mark_presence": 0.2322147994498455,
    "f75_question_mark_density": -0.0865182024044384,
    "f76_religious_intensity": 0.26555087902892954,
    "f77_first_person_scene": 0.0,
    "f78_direct_address": 0.0,
    "f79_physical_reaction": 0.0,
    "f80_fool_location": 0.0,
    "f81_mystical_verb": 0.0,
    "f82_love_madness": 0.0
  }
}