{
  "n_features": 27,
  "cv_auc_mean": 0.8292896083934318,
  "cv_auc_std": 0.0929183044788204,
  "test_auc": 0.8402643409970408,
  "n_positives": 460,
  "n_negatives": 3817,
  "best_c": 0.01,
  "coefficients": {
    "f00_has_junun": 0.02834125365701237,
    "f01_junun_density": 0.048950472333556067,
    "f02_famous_fool": 0.5843637555299008,
    "f03_junun_count": 0.010294529017425905,
    "f04_junun_specialized": 0.32337581695981743,
    "f05_junun_position": -0.12405888687475408,
    "f06_junun_in_title": 0.18765444447042942,
    "f07_junun_plural": 0.08803922735285084,
    "f08_junun_in_final_third": -0.034311067676577364,
    "f09_jinn_root": 0.1643359935663043,
    "f10_junun_repetition": -0.19655684372521776,
    "f11_junun_morpho": 0.15025445517584887,
    "f12_junun_positive": 0.01820227627345353,
    "f13_junun_good_context": 0.011016028819058039,
    "f14_junun_validation_prox": 0.008720393395192608,
    "f65_root_jnn_density": 0.0,
    "f66_root_aql_density": 0.0,
    "f67_root_hikma_density": 0.0,
    "f68_verb_density": 0.0,
    "f69_noun_density": 0.0,
    "f70_adj_density": 0.0,
    "E1_scene_intro_presence": 0.12480724926052175,
    "E2_witness_verb_density": 0.1659695617588517,
    "E3_dialogue_first_person_density": 0.37811186023760185,
    "E4_direct_address_presence": 0.19648011620408168,
    "E5_divine_personal_intensity": 0.05788454418042743,
    "E6_sacred_spaces_presence": 0.1785147894914764
  }
}