{
  "n_features": 27,
  "cv_auc_mean": 0.8605561756923545,
  "cv_auc_std": 0.07163568310300177,
  "test_auc": 0.8626152401547917,
  "n_positives": 460,
  "n_negatives": 3817,
  "best_c": 0.1,
  "coefficients": {
    "f00_has_junun": 0.026917263636080033,
    "f01_junun_density": 0.2924884580507428,
    "f02_famous_fool": 0.6494557372872266,
    "f03_junun_count": -0.15042609483139652,
    "f04_junun_specialized": 0.5075070682580614,
    "f05_junun_position": -0.11439527283853881,
    "f06_junun_in_title": 0.2777375996538526,
    "f07_junun_plural": 0.06535333519815162,
    "f08_junun_in_final_third": -0.024661592174644722,
    "f09_jinn_root": 0.211467673585413,
    "f10_junun_repetition": -0.44140528397749684,
    "f11_junun_morpho": 0.13418418812296268,
    "f12_junun_positive": 0.020462082826488173,
    "f13_junun_good_context": -0.0010666616710906522,
    "f14_junun_validation_prox": 0.0002862410361268396,
    "f65_root_jnn_density": -0.04551165862170427,
    "f66_root_aql_density": 0.05378132599819819,
    "f67_root_hikma_density": -0.03962926993618911,
    "f68_verb_density": 0.49358566837334383,
    "f69_noun_density": 0.32262994283117813,
    "f70_adj_density": -0.037685756704357434,
    "E1_scene_intro_presence": 0.08787774401564712,
    "E2_witness_verb_density": 0.1707006098891725,
    "E3_dialogue_first_person_density": 0.47747673240925265,
    "E4_direct_address_presence": 0.2307481408743352,
    "E5_divine_personal_intensity": 0.052174899512531625,
    "E6_sacred_spaces_presence": 0.2000728123169194
  }
}