{
  "n_features": 62,
  "cv_auc_mean": 0.8153888633143579,
  "cv_auc_std": 0.03585645522702844,
  "test_auc": 0.848772194400182,
  "n_positives": 460,
  "n_negatives": 3817,
  "coefficients": {
    "f00": -0.1333700372843678,
    "f01": 0.16228605869045853,
    "f02": 0.7746438236741725,
    "f03": -0.12979520613374185,
    "f04": 0.41520462349669646,
    "f05": -0.008305771712025586,
    "f06": 0.3099431767008912,
    "f07": 0.06146081611520588,
    "f08": -0.040892517299688146,
    "f09": 0.08026622337359682,
    "f10": -0.4756948865090235,
    "f11": 0.22935524551922257,
    "f12": 0.03458573841186384,
    "f13": -0.021021565369484647,
    "f14": -0.05724487650815868,
    "f15": 0.28820307618830343,
    "f16": -0.1428262949970092,
    "f17": 0.005703914965175854,
    "f18": -0.14375187215435067,
    "f19": 0.27184497576304195,
    "f20": 0.25710201728610926,
    "f21": 0.031668324139564746,
    "f22": 0.1264983351212745,
    "f23": -0.5388871897272782,
    "f24": 0.04781483226889891,
    "f25": 0.10210380253584579,
    "f26": 0.441907752535307,
    "f27": -0.1948639431531893,
    "f28": -0.914678619814067,
    "f29": 0.5451339617763269,
    "f30": 0.049605586984924545,
    "f31": -0.10068153881163926,
    "f32": 0.14873025563446077,
    "f33": -0.08912202677852679,
    "f34": 0.004865634973949434,
    "f35": 0.45714783432775413,
    "f36": 0.1429694658727814,
    "f37": 0.2602746450734415,
    "f38": -0.07271623842652986,
    "f39": 0.1910527277193661,
    "f40": 0.035913179703422386,
    "f41": 0.018780866411305584,
    "f42": -0.17096873339302396,
    "f43": 0.05891447040819109,
    "f44": 0.0021579720155706257,
    "f45": -0.10384131488960839,
    "f46": 0.20610492991148782,
    "f47": -0.3736998564231693,
    "f48": 0.03645618106018717,
    "f49": 0.23812029233255097,
    "f50": 0.019566917700276965,
    "f51": 0.42598054626041965,
    "f52": -0.2920291170572828,
    "f53": -0.4418047096257392,
    "f54": 0.094264828113074,
    "f55": 0.091976914973859,
    "f56": 0.3836673652643828,
    "f57": -0.20699694998123214,
    "f58": -0.015061908674731806,
    "f59": 0.3099377087275417,
    "f60": -0.2550293515309811,
    "f61": -0.20681299273779055
  }
}