{
  "n_features": 27,
  "cv_auc_mean": 0.8605561756923545,
  "cv_auc_std": 0.07163568310300178,
  "test_auc": 0.8626152401547917,
  "n_positives": 460,
  "n_negatives": 3817,
  "best_c": 0.1,
  "coefficients": {
    "f00_has_junun": 0.026917263636078007,
    "f01_junun_density": 0.29248845805073836,
    "f02_famous_fool": 0.6494557372872342,
    "f03_junun_count": -0.15042609483137315,
    "f04_junun_specialized": 0.5075070682580459,
    "f05_junun_position": -0.11439527283853262,
    "f06_junun_in_title": 0.277737599653852,
    "f07_junun_plural": 0.0653533351981521,
    "f08_junun_in_final_third": -0.024661592174655935,
    "f09_jinn_root": 0.21146767358540566,
    "f10_junun_repetition": -0.44140528397748846,
    "f11_junun_morpho": 0.1341841881229588,
    "f12_junun_positive": 0.020462082826486032,
    "f13_junun_good_context": -0.0010666616710846852,
    "f14_junun_validation_prox": 0.0002862410361223792,
    "f65_root_jnn_density": -0.04551165862170376,
    "f66_root_aql_density": 0.05378132599819871,
    "f67_root_hikma_density": -0.03962926993618713,
    "f68_verb_density": 0.49358566837334633,
    "f69_noun_density": 0.32262994283117846,
    "f70_adj_density": -0.03768575670435353,
    "E1_scene_intro_presence": 0.08787774401564881,
    "E2_witness_verb_density": 0.17070060988917077,
    "E3_dialogue_first_person_density": 0.4774767324092574,
    "E4_direct_address_presence": 0.2307481408743355,
    "E5_divine_personal_intensity": 0.05217489951253012,
    "E6_sacred_spaces_presence": 0.20007281231691965
  }
}