{
  "n_features": 28,
  "cv_auc_mean": 0.8688581974211921,
  "cv_auc_std": 0.044697930903087435,
  "test_auc": 0.8689961302071478,
  "n_positives": 460,
  "n_negatives": 3817,
  "best_c": 0.1,
  "coefficients": {
    "f00_has_junun": 0.046068121745570546,
    "f01_junun_density": 0.24689065442909108,
    "f02_famous_fool": 0.7146290799516624,
    "f03_junun_count": 0.017461458659896407,
    "f04_junun_specialized": 0.40573127421501554,
    "f05_junun_position": -0.13216813989840587,
    "f06_junun_in_title": 0.20321337785019727,
    "f07_junun_plural": 0.05484350982924769,
    "f08_junun_in_final_third": -0.010558906373410738,
    "f09_jinn_root": 0.16011088727256975,
    "f10_junun_repetition": -0.46239553762271873,
    "f11_junun_morpho": 0.12914009556404113,
    "f12_junun_positive": 0.03105128313899596,
    "f13_junun_good_context": -0.003537021573941791,
    "f14_junun_validation_prox": 0.0015151818753705087,
    "f65_root_jnn_density": 0.0,
    "f66_root_aql_density": 0.0,
    "f67_root_hikma_density": 0.0,
    "f68_verb_density": 0.0,
    "f69_noun_density": 0.0,
    "f70_adj_density": 0.0,
    "E1_scene_intro_presence": 0.16836895422614165,
    "E2_witness_verb_density": 0.17158911691548642,
    "E3_dialogue_first_person_density": 0.41376232531503776,
    "E4_direct_address_presence": 0.2509587110617701,
    "E5_divine_personal_intensity": 0.1064873606421638,
    "E6_sacred_spaces_presence": 0.22414924376507647,
    "E7_no_formal_isnad": 1.3012788819190264
  }
}