{
  "algorithm": "XGBoost",
  "n_features": 79,
  "cv_auc_mean": 0.8715042663638297,
  "cv_auc_std": 0.044888896501351486,
  "test_auc": 0.9480423400865012,
  "n_positives": 460,
  "n_negatives": 3817,
  "hyperparameters": {
    "max_depth": 3,
    "learning_rate": 0.05,
    "n_estimators": 200,
    "subsample": 0.7,
    "colsample_bytree": 0.7,
    "reg_alpha": 0.1,
    "reg_lambda": 1.0,
    "min_child_weight": 5,
    "scale_pos_weight": 8.297826086956523
  },
  "feature_importance": {
    "f00_has_junun": 0.0037445141933858395,
    "f01_junun_density": 0.09394687414169312,
    "f02_famous_fool": 0.061535947024822235,
    "f03_junun_count": 0.08618686348199844,
    "f04_junun_specialized": 0.1461239904165268,
    "f05_junun_position": 0.02338334545493126,
    "f06_junun_in_title": 0.01048988662660122,
    "f07_junun_plural": 0.0,
    "f08_junun_in_final_third": 0.0062717897817492485,
    "f09_jinn_root": 0.015502363443374634,
    "f10_junun_repetition": 0.010654018260538578,
    "f11_junun_morpho": 0.007630499545484781,
    "f12_junun_positive": 0.0,
    "f13_junun_good_context": 0.0,
    "f14_junun_validation_prox": 0.0,
    "f15_has_aql": 0.004737191833555698,
    "f16_aql_density": 0.007546689826995134,
    "f17_aql_count": 0.014010000973939896,
    "f18_paradox_junun_aql": 0.0,
    "f19_junun_aql_proximity": 0.0014965400332584977,
    "f20_junun_aql_ratio": 0.11172586679458618,
    "f21_superlatives": 0.0,
    "f22_aql_positive": 0.0,
    "f23_has_hikma": 0.0,
    "f24_hikma_density": 0.0,
    "f25_hikma_junun_prox": 0.0,
    "f26_hikma_qala_prox": 0.0,
    "f27_hikma_in_title": 0.0,
    "f29_qala_density": 0.009628107771277428,
    "f30_has_first_person": 0.010489286854863167,
    "f31_first_person_density": 0.008711040951311588,
    "f32_junun_near_qala": 0.009883204475045204,
    "f33_has_questions": 0.00690108397975564,
    "f34_question_density": 0.010508140549063683,
    "f35_question_answer": 0.0,
    "f36_dialogue_structure": 0.010602043941617012,
    "f37_qala_position": 0.012683787383139133,
    "f38_qala_in_final": 0.007807876914739609,
    "f39_has_validation": 0.0,
    "f40_validation_density": 0.008319394662976265,
    "f41_validation_laugh": 0.006681632716208696,
    "f42_validation_gift": 0.0059020607732236385,
    "f43_validation_cry": 0.005998959299176931,
    "f44_validation_in_final": 0.0031605889089405537,
    "f45_validation_multiple": 0.0,
    "f46_validation_junun_prox": 0.0,
    "f47_has_contrast": 0.005197030957788229,
    "f48_contrast_density": 0.006285705137997866,
    "f49_contrast_opposition": 0.008469381369650364,
    "f50_contrast_correction": 0.0071637071669101715,
    "f51_contrast_revelation": 0.01606043241918087,
    "f52_has_authority": 0.0210086852312088,
    "f53_authority_count": 0.022595806047320366,
    "f54_authority_junun_prox": 0.0,
    "f55_authority_in_title": 0.004272509831935167,
    "f56_has_shir": 0.0030496218241751194,
    "f57_shir_density": 0.010496245697140694,
    "f58_shir_alone": 0.0,
    "f59_has_spatial": 0.0005869582528248429,
    "f60_spatial_density": 0.007680198177695274,
    "f61_spatial_variety": 0.006345035042613745,
    "f62_has_wasf": 0.007039176765829325,
    "f63_wasf_density": 0.006338940002024174,
    "f64_wasf_in_title": 0.006290546152740717,
    "f65_root_jnn_density": 0.019806653261184692,
    "f66_root_aql_density": 0.029082011431455612,
    "f67_root_hikma_density": 0.008770780637860298,
    "f68_verb_density": 0.01020422950387001,
    "f69_noun_density": 0.014771636575460434,
    "f70_adj_density": 0.010918086394667625,
    "f74_question_mark_presence": 0.018271982669830322,
    "f75_question_mark_density": 0.0056445905938744545,
    "f76_religious_intensity": 0.021386466920375824,
    "f77_first_person_scene": 0.0,
    "f78_direct_address": 0.0,
    "f79_physical_reaction": 0.0,
    "f80_fool_location": 0.0,
    "f81_mystical_verb": 0.0,
    "f82_love_madness": 0.0
  },
  "classification_report": {
    "0": {
      "precision": 0.9728629579375848,
      "recall": 0.9384816753926701,
      "f1-score": 0.955363091272485,
      "support": 764.0
    },
    "1": {
      "precision": 0.6050420168067226,
      "recall": 0.782608695652174,
      "f1-score": 0.6824644549763034,
      "support": 92.0
    },
    "accuracy": 0.9217289719626168,
    "macro avg": {
      "precision": 0.7889524873721537,
      "recall": 0.860545185522422,
      "f1-score": 0.8189137731243942,
      "support": 856.0
    },
    "weighted avg": {
      "precision": 0.9333308007132399,
      "recall": 0.9217289719626168,
      "f1-score": 0.9260328640070075,
      "support": 856.0
    }
  }
}